title,time,link
SOLD OUT. WNORTH Entrepreneur Summit | Toronto,9:00,https://lu.ma/dxr8y1i1
The Viaduct: Agency in Politics,18:30,https://lu.ma/sfn5zjua
Feb. 14: Valentine's Life Drawing Pizza Party,18:30,https://lu.ma/mrtk2y4v
Founders Running Club :: Toronto,9:30,https://lu.ma/bjlepomp
Friends With Benny Toronto - Rumble Boxing Galentines,14:00,https://lu.ma/8etj21wc
The Momentum Method by R1: Reframe & Rise Workshop,17:45,https://lu.ma/gyufmas0
Accountability Buddy Club: Feb. 2025,18:15,https://lu.ma/xqpvzoxy
Early-Stage B2B AI Toronto Coffee Meetup,10:00,https://lu.ma/2823aln1
How R1 Works with Jay Alammar,18:30,https://lu.ma/v5tj7c46
DMZ Connect Breakfast: Canadian Innovation Outlook 2025,8:30,https://lu.ma/t932ex8b
Tech Basketball Run #5,18:00,https://lu.ma/ig2vmzov
Walrus Protocol: Dive into Decentralized Storage,18:00,https://lu.ma/guz2orqt
Power of Community 2025: We Are Stronger Together,11:00,https://lu.ma/kobcq9ht
Women in Venture & Private Equity | RCVC x Inovia Capital,17:45,https://lu.ma/z5xhcsrk
TO Founders Brew Mixer,18:00,https://lu.ma/eo9z9ke9
[111] Speaker Series - The Art of Building a Defensible Business w/ Eva Lau,17:30,https://lu.ma/6ls0p0x5
NoCode Drinks Toronto - #03 by NoCode North,18:00,https://lu.ma/3x06t1wr
AI Friends Meetup (Toronto),18:30,https://lu.ma/iozzn6gb
Cinq à Sept Toronto,17:30,https://lu.ma/vn5lambb
t.rb Feb 2025,18:00,https://lu.ma/zk25jrny
Toronto Fireside Chat & Social,18:30,https://lu.ma/vqa6y4yf
Feb. 27: Open Sketch Night @ The Drake Hotel,18:45,https://lu.ma/b127hajl
Women Innovation Summit: Pitch Competition,13:00,https://lu.ma/zwai09qr
"The Alpha Femme Collective: A Women’s Day Celebration of Bold, Trailblazing Women",18:30,https://lu.ma/toae6f07
BFN Be Her Summit,16:00,https://lu.ma/fjbiteew
